Workbook
Name FiltroDati_NATO: #N/A
Name FiltroDati_Region: #N/A
Name FiltroDati_Spending_Category: #N/A

Sheet Dashboard
A1: GLOBAL MILITARY EXPENDITURE - SIPRI 2024

Sheet Clean_Data
A1: Country | B1: Spending 2023 (bn $) | C1: Spending 2024 (bn $) | D1: % GDP 2024 | E1: Trend | F1: Spending Category | G1: % Change | H1: Military Effort | I1: Region | J1: NATO | K1: Continent
A2: United States | B2: 916 | C2: 997 | D2: 3.4 | E2: =IF(SpendTable[[#This Row],[Spending 2024 (bn $)]]>SpendTable[[#This Row],[Spending 2023 (bn $)]],"Increasing",IF(SpendTable[[#This Row],[Spending 2024 (bn $)]]<SpendTable[[#This Row],[Spending 2023 (bn $)]],"Decreasing","Stable")) -> Increasing | F2: =IF(SpendTable[[#This Row],[Spending 2024 (bn $)]]>=100,"High",IF(SpendTable[[#This Row],[Spending 2024 (bn $)]]>=30,"Medium","Low")) -> High | G2: 0.088427948 | H2: =IF(SpendTable[[#This Row],[% GDP 2024]]>=5,"High Effort",IF(SpendTable[[#This Row],[% GDP 2024]]>=2,"Medium Effort","Low Effort")) -> Medium Effort | I2: =VLOOKUP(SpendTable[[#This Row],[Country]],Countries_Registry!$A$1:$D$34,2,FALSE) -> North America | J2: =VLOOKUP(SpendTable[[#This Row],[Country]],Countries_Registry!$A$1:$D$34,3,FALSE) -> Yes | K2: =VLOOKUP(SpendTable[[#This Row],[Country]],Countries_Registry!$A$1:$D$34,4,FALSE) -> Americas
A3: China | B3: 296 | C3: 314 | D3: 1.7 | E3: =IF(SpendTable[[#This Row],[Spending 2024 (bn $)]]>SpendTable[[#This Row],[Spending 2023 (bn $)]],"Increasing",IF(SpendTable[[#This Row],[Spending 2024 (bn $)]]<SpendTable[[#This Row],[Spending 2023 (bn $)]],"Decreasing","Stable")) -> Increasing | F3: =IF(SpendTable[[#This Row],[Spending 2024 (bn $)]]>=100,"High",IF(SpendTable[[#This Row],[Spending 2024 (bn $)]]>=30,"Medium","Low")) -> High | G3: 0.060810811 | H3: =IF(SpendTable[[#This Row],[% GDP 2024]]>=5,"High Effort",IF(SpendTable[[#This Row],[% GDP 2024]]>=2,"Medium Effort","Low Effort")) -> Low Effort | I3: =VLOOKUP(SpendTable[[#This Row],[Country]],Countries_Registry!$A$1:$D$34,2,FALSE) -> East Asia | J3: =VLOOKUP(SpendTable[[#This Row],[Country]],Countries_Registry!$A$1:$D$34,3,FALSE) -> No | K3: =VLOOKUP(SpendTable[[#This Row],[Country]],Countries_Registry!$A$1:$D$34,4,FALSE) -> Asia
A4: Russia | B4: 109 | C4: 149 | D4: 7.1 | E4: =IF(SpendTable[[#This Row],[Spending 2024 (bn $)]]>SpendTable[[#This Row],[Spending 2023 (bn $)]],"Increasing",IF(SpendTable[[#This Row],[Spending 2024 (bn $)]]<SpendTable[[#This Row],[Spending 2023 (bn $)]],"Decreasing","Stable")) -> Increasing | F4: =IF(SpendTable[[#This Row],[Spending 2024 (bn $)]]>=100,"High",IF(SpendTable[[#This Row],[Spending 2024 (bn $)]]>=30,"Medium","Low")) -> High | G4: 0.36697248 | H4: =IF(SpendTable[[#This Row],[% GDP 2024]]>=5,"High Effort",IF(SpendTable[[#This Row],[% GDP 2024]]>=2,"Medium Effort","Low Effort")) -> High Effort | I4: =VLOOKUP(SpendTable[[#This Row],[Country]],Countries_Registry!$A$1:$D$34,2,FALSE) -> Eastern Europe | J4: =VLOOKUP(SpendTable[[#This Row],[Country]],Countries_Registry!$A$1:$D$34,3,FALSE) -> No | K4: =VLOOKUP(SpendTable[[#This Row],[Country]],Countries_Registry!$A$1:$D$34,4,FALSE) -> Europe
A5: Germany | B5: 66.8 | C5: 88.5 | D5: 1.9 | E5: =IF(SpendTable[[#This Row],[Spending 2024 (bn $)]]>SpendTable[[#This Row],[Spending 2023 (bn $)]],"Increasing",IF(SpendTable[[#This Row],[Spending 2024 (bn $)]]<SpendTable[[#This Row],[Spending 2023 (bn $)]],"Decreasing","Stable")) -> Increasing | F5: =IF(SpendTable[[#This Row],[Spending 2024 (bn $)]]>=100,"High",IF(SpendTable[[#This Row],[Spending 2024 (bn $)]]>=30,"Medium","Low")) -> Medium | G5: 0.3248503 | H5: =IF(SpendTable[[#This Row],[% GDP 2024]]>=5,"High Effort",IF(SpendTable[[#This Row],[% GDP 2024]]>=2,"Medium Effort","Low Effort")) -> Low Effort | I5: =VLOOKUP(SpendTable[[#This Row],[Country]],Countries_Registry!$A$1:$D$34,2,FALSE) -> Western Europe | J5: =VLOOKUP(SpendTable[[#This Row],[Country]],Countries_Registry!$A$1:$D$34,3,FALSE) -> Yes | K5: =VLOOKUP(SpendTable[[#This Row],[Country]],Countries_Registry!$A$1:$D$34,4,FALSE) -> Europe
A6: India | B6: 83.6 | C6: 86.1 | D6: 2.3 | E6: =IF(SpendTable[[#This Row],[Spending 2024 (bn $)]]>SpendTable[[#This Row],[Spending 2023 (bn $)]],"Increasing",IF(SpendTable[[#This Row],[Spending 2024 (bn $)]]<SpendTable[[#This Row],[Spending 2023 (bn $)]],"Decreasing","Stable")) -> Increasing | F6: =IF(SpendTable[[#This Row],[Spending 2024 (bn $)]]>=100,"High",IF(SpendTable[[#This Row],[Spending 2024 (bn $)]]>=30,"Medium","Low")) -> Medium | G6: 0.029904306 | H6: =IF(SpendTable[[#This Row],[% GDP 2024]]>=5,"High Effort",IF(SpendTable[[#This Row],[% GDP 2024]]>=2,"Medium Effort","Low Effort")) -> Medium Effort | I6: =VLOOKUP(SpendTable[[#This Row],[Country]],Countries_Registry!$A$1:$D$34,2,FALSE) -> South Asia | J6: =VLOOKUP(SpendTable[[#This Row],[Country]],Countries_Registry!$A$1:$D$34,3,FALSE) -> No | K6: =VLOOKUP(SpendTable[[#This Row],[Country]],Countries_Registry!$A$1:$D$34,4,FALSE) -> Asia
A7: United Kingdom | B7: 74.9 | C7: 81.8 | D7: 2.3 | E7: =IF(SpendTable[[#This Row],[Spending 2024 (bn $)]]>SpendTable[[#This Row],[Spending 2023 (bn $)]],"Increasing",IF(SpendTable[[#This Row],[Spending 2024 (bn $)]]<SpendTable[[#This Row],[Spending 2023 (bn $)]],"Decreasing","Stable")) -> Increasing | F7: =IF(SpendTable[[#This Row],[Spending 2024 (bn $)]]>=100,"High",IF(SpendTable[[#This Row],[Spending 2024 (bn $)]]>=30,"Medium","Low")) -> Medium | G7: 0.09212283 | H7: =IF(SpendTable[[#This Row],[% GDP 2024]]>=5,"High Effort",IF(SpendTable[[#This Row],[% GDP 2024]]>=2,"Medium Effort","Low Effort")) -> Medium Effort | I7: =VLOOKUP(SpendTable[[#This Row],[Country]],Countries_Registry!$A$1:$D$34,2,FALSE) -> Western Europe | J7: =VLOOKUP(SpendTable[[#This Row],[Country]],Countries_Registry!$A$1:$D$34,3,FALSE) -> Yes | K7: =VLOOKUP(SpendTable[[#This Row],[Country]],Countries_Registry!$A$1:$D$34,4,FALSE) -> Europe
A8: Saudi Arabia | B8: 75.8 | C8: 80.3 | D8: 7.3 | E8: =IF(SpendTable[[#This Row],[Spending 2024 (bn $)]]>SpendTable[[#This Row],[Spending 2023 (bn $)]],"Increasing",IF(SpendTable[[#This Row],[Spending 2024 (bn $)]]<SpendTable[[#This Row],[Spending 2023 (bn $)]],"Decreasing","Stable")) -> Increasing | F8: =IF(SpendTable[[#This Row],[Spending 2024 (bn $)]]>=100,"High",IF(SpendTable[[#This Row],[Spending 2024 (bn $)]]>=30,"Medium","Low")) -> Medium | G8: 0.059366755 | H8: =IF(SpendTable[[#This Row],[% GDP 2024]]>=5,"High Effort",IF(SpendTable[[#This Row],[% GDP 2024]]>=2,"Medium Effort","Low Effort")) -> High Effort | I8: =VLOOKUP(SpendTable[[#This Row],[Country]],Countries_Registry!$A$1:$D$34,2,FALSE) -> Middle East | J8: =VLOOKUP(SpendTable[[#This Row],[Country]],Countries_Registry!$A$1:$D$34,3,FALSE) -> No | K8: =VLOOKUP(SpendTable[[#This Row],[Country]],Countries_Registry!$A$1:$D$34,4,FALSE) -> Asia
A9: Ukraine | B9: 64.8 | C9: 64.7 | D9: 34.5 | E9: =IF(SpendTable[[#This Row],[Spending 2024 (bn $)]]>SpendTable[[#This Row],[Spending 2023 (bn $)]],"Increasing",IF(SpendTable[[#This Row],[Spending 2024 (bn $)]]<SpendTable[[#This Row],[Spending 2023 (bn $)]],"Decreasing","Stable")) -> Decreasing | F9: =IF(SpendTable[[#This Row],[Spending 2024 (bn $)]]>=100,"High",IF(SpendTable[[#This Row],[Spending 2024 (bn $)]]>=30,"Medium","Low")) -> Medium | G9: -0.0015432099 | H9: =IF(SpendTable[[#This Row],[% GDP 2024]]>=5,"High Effort",IF(SpendTable[[#This Row],[% GDP 2024]]>=2,"Medium Effort","Low Effort")) -> High Effort | I9: =VLOOKUP(SpendTable[[#This Row],[Country]],Countries_Registry!$A$1:$D$34,2,FALSE) -> Eastern Europe | J9: =VLOOKUP(SpendTable[[#This Row],[Country]],Countries_Registry!$A$1:$D$34,3,FALSE) -> No | K9: =VLOOKUP(SpendTable[[#This Row],[Country]],Countries_Registry!$A$1:$D$34,4,FALSE) -> Europe
A10: France | B10: 61.3 | C10: 64.7 | D10: 2.1 | E10: =IF(SpendTable[[#This Row],[Spending 2024 (bn $)]]>SpendTable[[#This Row],[Spending 2023 (bn $)]],"Increasing",IF(SpendTable[[#This Row],[Spending 2024 (bn $)]]<SpendTable[[#This Row],[Spending 2023 (bn $)]],"Decreasing","Stable")) -> Increasing | F10: =IF(SpendTable[[#This Row],[Spending 2024 (bn $)]]>=100,"High",IF(SpendTable[[#This Row],[Spending 2024 (bn $)]]>=30,"Medium","Low")) -> Medium | G10: 0.055464927 | H10: =IF(SpendTable[[#This Row],[% GDP 2024]]>=5,"High Effort",IF(SpendTable[[#This Row],[% GDP 2024]]>=2,"Medium Effort","Low Effort")) -> Medium Effort | I10: =VLOOKUP(SpendTable[[#This Row],[Country]],Countries_Registry!$A$1:$D$34,2,FALSE) -> Western Europe | J10: =VLOOKUP(SpendTable[[#This Row],[Country]],Countries_Registry!$A$1:$D$34,3,FALSE) -> Yes | K10: =VLOOKUP(SpendTable[[#This Row],[Country]],Countries_Registry!$A$1:$D$34,4,FALSE) -> Europe
A11: Japan | B11: 50.2 | C11: 55.3 | D11: 1.4 | E11: =IF(SpendTable[[#This Row],[Spending 2024 (bn $)]]>SpendTable[[#This Row],[Spending 2023 (bn $)]],"Increasing",IF(SpendTable[[#This Row],[Spending 2024 (bn $)]]<SpendTable[[#This Row],[Spending 2023 (bn $)]],"Decreasing","Stable")) -> Increasing | F11: =IF(SpendTable[[#This Row],[Spending 2024 (bn $)]]>=100,"High",IF(SpendTable[[#This Row],[Spending 2024 (bn $)]]>=30,"Medium","Low")) -> Medium | G11: 0.10159363 | H11: =IF(SpendTable[[#This Row],[% GDP 2024]]>=5,"High Effort",IF(SpendTable[[#This Row],[% GDP 2024]]>=2,"Medium Effort","Low Effort")) -> Low Effort | I11: =VLOOKUP(SpendTable[[#This Row],[Country]],Countries_Registry!$A$1:$D$34,2,FALSE) -> East Asia | J11: =VLOOKUP(SpendTable[[#This Row],[Country]],Countries_Registry!$A$1:$D$34,3,FALSE) -> No | K11: =VLOOKUP(SpendTable[[#This Row],[Country]],Countries_Registry!$A$1:$D$34,4,FALSE) -> Asia
A12: South Korea | B12: 47.9 | C12: 47.6 | D12: 2.6 | E12: =IF(SpendTable[[#This Row],[Spending 2024 (bn $)]]>SpendTable[[#This Row],[Spending 2023 (bn $)]],"Increasing",IF(SpendTable[[#This Row],[Spending 2024 (bn $)]]<SpendTable[[#This Row],[Spending 2023 (bn $)]],"Decreasing","Stable")) -> Decreasing | F12: =IF(SpendTable[[#This Row],[Spending 2024 (bn $)]]>=100,"High",IF(SpendTable[[#This Row],[Spending 2024 (bn $)]]>=30,"Medium","Low")) -> Medium | G12: -0.006263048 | H12: =IF(SpendTable[[#This Row],[% GDP 2024]]>=5,"High Effort",IF(SpendTable[[#This Row],[% GDP 2024]]>=2,"Medium Effort","Low Effort")) -> Medium Effort | I12: =VLOOKUP(SpendTable[[#This Row],[Country]],Countries_Registry!$A$1:$D$34,2,FALSE) -> East Asia | J12: =VLOOKUP(SpendTable[[#This Row],[Country]],Countries_Registry!$A$1:$D$34,3,FALSE) -> No | K12: =VLOOKUP(SpendTable[[#This Row],[Country]],Countries_Registry!$A$1:$D$34,4,FALSE) -> Asia
A13: Israel | B13: 27.5 | C13: 46.5 | D13: 8.8 | E13: =IF(SpendTable[[#This Row],[Spending 2024 (bn $)]]>SpendTable[[#This Row],[Spending 2023 (bn $)]],"Increasing",IF(SpendTable[[#This Row],[Spending 2024 (bn $)]]<SpendTable[[#This Row],[Spending 2023 (bn $)]],"Decreasing","Stable")) -> Increasing | F13: =IF(SpendTable[[#This Row],[Spending 2024 (bn $)]]>=100,"High",IF(SpendTable[[#This Row],[Spending 2024 (bn $)]]>=30,"Medium","Low")) -> Medium | G13: 0.69090909 | H13: =IF(SpendTable[[#This Row],[% GDP 2024]]>=5,"High Effort",IF(SpendTable[[#This Row],[% GDP 2024]]>=2,"Medium Effort","Low Effort")) -> High Effort | I13: =VLOOKUP(SpendTable[[#This Row],[Country]],Countries_Registry!$A$1:$D$34,2,FALSE) -> Middle East | J13: =VLOOKUP(SpendTable[[#This Row],[Country]],Countries_Registry!$A$1:$D$34,3,FALSE) -> No | K13: =VLOOKUP(SpendTable[[#This Row],[Country]],Countries_Registry!$A$1:$D$34,4,FALSE) -> Asia
... A20: Brazil | B20: 22.9 | C20: 23.4 | D20: 1.1 | E20: =IF(SpendTable[[#This Row],[Spending 2024 (bn $)]]>SpendTable[[#This Row],[Spending 2023 (bn $)]],"Increasing",IF(SpendTable[[#This Row],[Spending 2024 (bn $)]]<SpendTable[[#This Row],[Spending 2023 (bn $)]],"Decreasing","Stable")) -> Increasing | F20: =IF(SpendTable[[#This Row],[Spending 2024 (bn $)]]>=100,"High",IF(SpendTable[[#This Row],[Spending 2024 (bn $)]]>=30,"Medium","Low")) -> Low | G20: 0.021834061 | H20: =IF(SpendTable[[#This Row],[% GDP 2024]]>=5,"High Effort",IF(SpendTable[[#This Row],[% GDP 2024]]>=2,"Medium Effort","Low Effort")) -> Low Effort | I20: =VLOOKUP(SpendTable[[#This Row],[Country]],Countries_Registry!$A$1:$D$34,2,FALSE) -> Latin America | J20: =VLOOKUP(SpendTable[[#This Row],[Country]],Countries_Registry!$A$1:$D$34,3,FALSE) -> No | K20: =VLOOKUP(SpendTable[[#This Row],[Country]],Countries_Registry!$A$1:$D$34,4,FALSE) -> Americas
A21: Algeria | B21: n.d. | C21: 21.8 | D21: 8 | E21: =IF(SpendTable[[#This Row],[Spending 2024 (bn $)]]>SpendTable[[#This Row],[Spending 2023 (bn $)]],"Increasing",IF(SpendTable[[#This Row],[Spending 2024 (bn $)]]<SpendTable[[#This Row],[Spending 2023 (bn $)]],"Decreasing","Stable")) -> Decreasing | F21: =IF(SpendTable[[#This Row],[Spending 2024 (bn $)]]>=100,"High",IF(SpendTable[[#This Row],[Spending 2024 (bn $)]]>=30,"Medium","Low")) -> Low | H21: =IF(SpendTable[[#This Row],[% GDP 2024]]>=5,"High Effort",IF(SpendTable[[#This Row],[% GDP 2024]]>=2,"Medium Effort","Low Effort")) -> High Effort | I21: =VLOOKUP(SpendTable[[#This Row],[Country]],Countries_Registry!$A$1:$D$34,2,FALSE) -> North Africa | J21: =VLOOKUP(SpendTable[[#This Row],[Country]],Countries_Registry!$A$1:$D$34,3,FALSE) -> No | K21: =VLOOKUP(SpendTable[[#This Row],[Country]],Countries_Registry!$A$1:$D$34,4,FALSE) -> Africa
A22: Netherlands | B22: 16.6 | C22: 21.5 | D22: 1.9 | E22: =IF(SpendTable[[#This Row],[Spending 2024 (bn $)]]>SpendTable[[#This Row],[Spending 2023 (bn $)]],"Increasing",IF(SpendTable[[#This Row],[Spending 2024 (bn $)]]<SpendTable[[#This Row],[Spending 2023 (bn $)]],"Decreasing","Stable")) -> Increasing | F22: =IF(SpendTable[[#This Row],[Spending 2024 (bn $)]]>=100,"High",IF(SpendTable[[#This Row],[Spending 2024 (bn $)]]>=30,"Medium","Low")) -> Low | G22: 0.29518072 | H22: =IF(SpendTable[[#This Row],[% GDP 2024]]>=5,"High Effort",IF(SpendTable[[#This Row],[% GDP 2024]]>=2,"Medium Effort","Low Effort")) -> Low Effort | I22: =VLOOKUP(SpendTable[[#This Row],[Country]],Countries_Registry!$A$1:$D$34,2,FALSE) -> Western Europe | J22: =VLOOKUP(SpendTable[[#This Row],[Country]],Countries_Registry!$A$1:$D$34,3,FALSE) -> Yes | K22: =VLOOKUP(SpendTable[[#This Row],[Country]],Countries_Registry!$A$1:$D$34,4,FALSE) -> Europe
A23: Taiwan | B23: 16.6 | C23: 16.5 | D23: n.d. | E23: =IF(SpendTable[[#This Row],[Spending 2024 (bn $)]]>SpendTable[[#This Row],[Spending 2023 (bn $)]],"Increasing",IF(SpendTable[[#This Row],[Spending 2024 (bn $)]]<SpendTable[[#This Row],[Spending 2023 (bn $)]],"Decreasing","Stable")) -> Decreasing | F23: =IF(SpendTable[[#This Row],[Spending 2024 (bn $)]]>=100,"High",IF(SpendTable[[#This Row],[Spending 2024 (bn $)]]>=30,"Medium","Low")) -> Low | G23: -0.0060240964 | H23: =IF(SpendTable[[#This Row],[% GDP 2024]]>=5,"High Effort",IF(SpendTable[[#This Row],[% GDP 2024]]>=2,"Medium Effort","Low Effort")) -> High Effort | I23: =VLOOKUP(SpendTable[[#This Row],[Country]],Countries_Registry!$A$1:$D$34,2,FALSE) -> East Asia | J23: =VLOOKUP(SpendTable[[#This Row],[Country]],Countries_Registry!$A$1:$D$34,3,FALSE) -> No | K23: =VLOOKUP(SpendTable[[#This Row],[Country]],Countries_Registry!$A$1:$D$34,4,FALSE) -> Asia
A24: Singapore | B24: 13.7 | C24: 14.2 | D24: 2.8 | E24: =IF(SpendTable[[#This Row],[Spending 2024 (bn $)]]>SpendTable[[#This Row],[Spending 2023 (bn $)]],"Increasing",IF(SpendTable[[#This Row],[Spending 2024 (bn $)]]<SpendTable[[#This Row],[Spending 2023 (bn $)]],"Decreasing","Stable")) -> Increasing | F24: =IF(SpendTable[[#This Row],[Spending 2024 (bn $)]]>=100,"High",IF(SpendTable[[#This Row],[Spending 2024 (bn $)]]>=30,"Medium","Low")) -> Low | G24: 0.03649635 | H24: =IF(SpendTable[[#This Row],[% GDP 2024]]>=5,"High Effort",IF(SpendTable[[#This Row],[% GDP 2024]]>=2,"Medium Effort","Low Effort")) -> Medium Effort | I24: =VLOOKUP(SpendTable[[#This Row],[Country]],Countries_Registry!$A$1:$D$34,2,FALSE) -> Southeast Asia | J24: =VLOOKUP(SpendTable[[#This Row],[Country]],Countries_Registry!$A$1:$D$34,3,FALSE) -> No | K24: =VLOOKUP(SpendTable[[#This Row],[Country]],Countries_Registry!$A$1:$D$34,4,FALSE) -> Asia
A25: Mexico | B25: 11.8 | C25: 12.5 | D25: 0.6 | E25: =IF(SpendTable[[#This Row],[Spending 2024 (bn $)]]>SpendTable[[#This Row],[Spending 2023 (bn $)]],"Increasing",IF(SpendTable[[#This Row],[Spending 2024 (bn $)]]<SpendTable[[#This Row],[Spending 2023 (bn $)]],"Decreasing","Stable")) -> Increasing | F25: =IF(SpendTable[[#This Row],[Spending 2024 (bn $)]]>=100,"High",IF(SpendTable[[#This Row],[Spending 2024 (bn $)]]>=30,"Medium","Low")) -> Low | G25: 0.059322034 | H25: =IF(SpendTable[[#This Row],[% GDP 2024]]>=5,"High Effort",IF(SpendTable[[#This Row],[% GDP 2024]]>=2,"Medium Effort","Low Effort")) -> Low Effort | I25: =VLOOKUP(SpendTable[[#This Row],[Country]],Countries_Registry!$A$1:$D$34,2,FALSE) -> Latin America | J25: =VLOOKUP(SpendTable[[#This Row],[Country]],Countries_Registry!$A$1:$D$34,3,FALSE) -> No | K25: =VLOOKUP(SpendTable[[#This Row],[Country]],Countries_Registry!$A$1:$D$34,4,FALSE) -> Americas
A26: Sweden | B26: 8.8 | C26: 12 | D26: 2 | E26: =IF(SpendTable[[#This Row],[Spending 2024 (bn $)]]>SpendTable[[#This Row],[Spending 2023 (bn $)]],"Increasing",IF(SpendTable[[#This Row],[Spending 2024 (bn $)]]<SpendTable[[#This Row],[Spending 2023 (bn $)]],"Decreasing","Stable")) -> Increasing | F26: =IF(SpendTable[[#This Row],[Spending 2024 (bn $)]]>=100,"High",IF(SpendTable[[#This Row],[Spending 2024 (bn $)]]>=30,"Medium","Low")) -> Low | G26: 0.36363636 | H26: =IF(SpendTable[[#This Row],[% GDP 2024]]>=5,"High Effort",IF(SpendTable[[#This Row],[% GDP 2024]]>=2,"Medium Effort","Low Effort")) -> Medium Effort | I26: =VLOOKUP(SpendTable[[#This Row],[Country]],Countries_Registry!$A$1:$D$34,2,FALSE) -> Western Europe | J26: =VLOOKUP(SpendTable[[#This Row],[Country]],Countries_Registry!$A$1:$D$34,3,FALSE) -> Yes | K26: =VLOOKUP(SpendTable[[#This Row],[Country]],Countries_Registry!$A$1:$D$34,4,FALSE) -> Europe
A27: Norway | B27: 8.7 | C27: 10.9 | D27: 2.2 | E27: =IF(SpendTable[[#This Row],[Spending 2024 (bn $)]]>SpendTable[[#This Row],[Spending 2023 (bn $)]],"Increasing",IF(SpendTable[[#This Row],[Spending 2024 (bn $)]]<SpendTable[[#This Row],[Spending 2023 (bn $)]],"Decreasing","Stable")) -> Increasing | F27: =IF(SpendTable[[#This Row],[Spending 2024 (bn $)]]>=100,"High",IF(SpendTable[[#This Row],[Spending 2024 (bn $)]]>=30,"Medium","Low")) -> Low | G27: 0.25287356 | H27: =IF(SpendTable[[#This Row],[% GDP 2024]]>=5,"High Effort",IF(SpendTable[[#This Row],[% GDP 2024]]>=2,"Medium Effort","Low Effort")) -> Medium Effort | I27: =VLOOKUP(SpendTable[[#This Row],[Country]],Countries_Registry!$A$1:$D$34,2,FALSE) -> Western Europe | J27: =VLOOKUP(SpendTable[[#This Row],[Country]],Countries_Registry!$A$1:$D$34,3,FALSE) -> Yes | K27: =VLOOKUP(SpendTable[[#This Row],[Country]],Countries_Registry!$A$1:$D$34,4,FALSE) -> Europe
A28: Indonesia | B28: 9.5 | C28: 10.6 | D28: 0.8 | E28: =IF(SpendTable[[#This Row],[Spending 2024 (bn $)]]>SpendTable[[#This Row],[Spending 2023 (bn $)]],"Increasing",IF(SpendTable[[#This Row],[Spending 2024 (bn $)]]<SpendTable[[#This Row],[Spending 2023 (bn $)]],"Decreasing","Stable")) -> Increasing | F28: =IF(SpendTable[[#This Row],[Spending 2024 (bn $)]]>=100,"High",IF(SpendTable[[#This Row],[Spending 2024 (bn $)]]>=30,"Medium","Low")) -> Low | G28: 0.11578947 | H28: =IF(SpendTable[[#This Row],[% GDP 2024]]>=5,"High Effort",IF(SpendTable[[#This Row],[% GDP 2024]]>=2,"Medium Effort","Low Effort")) -> Low Effort | I28: =VLOOKUP(SpendTable[[#This Row],[Country]],Countries_Registry!$A$1:$D$34,2,FALSE) -> Southeast Asia | J28: =VLOOKUP(SpendTable[[#This Row],[Country]],Countries_Registry!$A$1:$D$34,3,FALSE) -> No | K28: =VLOOKUP(SpendTable[[#This Row],[Country]],Countries_Registry!$A$1:$D$34,4,FALSE) -> Asia
A29: Pakistan | B29: 8.5 | C29: 10.2 | D29: 2.7 | E29: =IF(SpendTable[[#This Row],[Spending 2024 (bn $)]]>SpendTable[[#This Row],[Spending 2023 (bn $)]],"Increasing",IF(SpendTable[[#This Row],[Spending 2024 (bn $)]]<SpendTable[[#This Row],[Spending 2023 (bn $)]],"Decreasing","Stable")) -> Increasing | F29: =IF(SpendTable[[#This Row],[Spending 2024 (bn $)]]>=100,"High",IF(SpendTable[[#This Row],[Spending 2024 (bn $)]]>=30,"Medium","Low")) -> Low | G29: 0.2 | H29: =IF(SpendTable[[#This Row],[% GDP 2024]]>=5,"High Effort",IF(SpendTable[[#This Row],[% GDP 2024]]>=2,"Medium Effort","Low Effort")) -> Medium Effort | I29: =VLOOKUP(SpendTable[[#This Row],[Country]],Countries_Registry!$A$1:$D$34,2,FALSE) -> South Asia | J29: =VLOOKUP(SpendTable[[#This Row],[Country]],Countries_Registry!$A$1:$D$34,3,FALSE) -> No | K29: =VLOOKUP(SpendTable[[#This Row],[Country]],Countries_Registry!$A$1:$D$34,4,FALSE) -> Asia
A30: Denmark | B30: 8.1 | C30: 10 | D30: 2.4 | E30: =IF(SpendTable[[#This Row],[Spending 2024 (bn $)]]>SpendTable[[#This Row],[Spending 2023 (bn $)]],"Increasing",IF(SpendTable[[#This Row],[Spending 2024 (bn $)]]<SpendTable[[#This Row],[Spending 2023 (bn $)]],"Decreasing","Stable")) -> Increasing | F30: =IF(SpendTable[[#This Row],[Spending 2024 (bn $)]]>=100,"High",IF(SpendTable[[#This Row],[Spending 2024 (bn $)]]>=30,"Medium","Low")) -> Low | G30: 0.2345679 | H30: =IF(SpendTable[[#This Row],[% GDP 2024]]>=5,"High Effort",IF(SpendTable[[#This Row],[% GDP 2024]]>=2,"Medium Effort","Low Effort")) -> Medium Effort | I30: =VLOOKUP(SpendTable[[#This Row],[Country]],Countries_Registry!$A$1:$D$34,2,FALSE) -> Western Europe | J30: =VLOOKUP(SpendTable[[#This Row],[Country]],Countries_Registry!$A$1:$D$34,3,FALSE) -> Yes | K30: =VLOOKUP(SpendTable[[#This Row],[Country]],Countries_Registry!$A$1:$D$34,4,FALSE) -> Europe
A31: Colombia | B31: 10.7 | C31: 10 | D31: 2.4 | E31: =IF(SpendTable[[#This Row],[Spending 2024 (bn $)]]>SpendTable[[#This Row],[Spending 2023 (bn $)]],"Increasing",IF(SpendTable[[#This Row],[Spending 2024 (bn $)]]<SpendTable[[#This Row],[Spending 2023 (bn $)]],"Decreasing","Stable")) -> Decreasing | F31: =IF(SpendTable[[#This Row],[Spending 2024 (bn $)]]>=100,"High",IF(SpendTable[[#This Row],[Spending 2024 (bn $)]]>=30,"Medium","Low")) -> Low | G31: -0.065420561 | H31: =IF(SpendTable[[#This Row],[% GDP 2024]]>=5,"High Effort",IF(SpendTable[[#This Row],[% GDP 2024]]>=2,"Medium Effort","Low Effort")) -> Medium Effort | I31: =VLOOKUP(SpendTable[[#This Row],[Country]],Countries_Registry!$A$1:$D$34,2,FALSE) -> Latin America | J31: =VLOOKUP(SpendTable[[#This Row],[Country]],Countries_Registry!$A$1:$D$34,3,FALSE) -> No | K31: =VLOOKUP(SpendTable[[#This Row],[Country]],Countries_Registry!$A$1:$D$34,4,FALSE) -> Americas
A32: Belgium | B32: 7.7 | C32: 8.5 | D32: 1.3 | E32: =IF(SpendTable[[#This Row],[Spending 2024 (bn $)]]>SpendTable[[#This Row],[Spending 2023 (bn $)]],"Increasing",IF(SpendTable[[#This Row],[Spending 2024 (bn $)]]<SpendTable[[#This Row],[Spending 2023 (bn $)]],"Decreasing","Stable")) -> Increasing | F32: =IF(SpendTable[[#This Row],[Spending 2024 (bn $)]]>=100,"High",IF(SpendTable[[#This Row],[Spending 2024 (bn $)]]>=30,"Medium","Low")) -> Low | G32: 0.1038961 | H32: =IF(SpendTable[[#This Row],[% GDP 2024]]>=5,"High Effort",IF(SpendTable[[#This Row],[% GDP 2024]]>=2,"Medium Effort","Low Effort")) -> Low Effort | I32: =VLOOKUP(SpendTable[[#This Row],[Country]],Countries_Registry!$A$1:$D$34,2,FALSE) -> Western Europe | J32: =VLOOKUP(SpendTable[[#This Row],[Country]],Countries_Registry!$A$1:$D$34,3,FALSE) -> Yes | K32: =VLOOKUP(SpendTable[[#This Row],[Country]],Countries_Registry!$A$1:$D$34,4,FALSE) -> Europe
A33: Greece | B33: 7.7 | C33: 8 | D33: 3.1 | E33: =IF(SpendTable[[#This Row],[Spending 2024 (bn $)]]>SpendTable[[#This Row],[Spending 2023 (bn $)]],"Increasing",IF(SpendTable[[#This Row],[Spending 2024 (bn $)]]<SpendTable[[#This Row],[Spending 2023 (bn $)]],"Decreasing","Stable")) -> Increasing | F33: =IF(SpendTable[[#This Row],[Spending 2024 (bn $)]]>=100,"High",IF(SpendTable[[#This Row],[Spending 2024 (bn $)]]>=30,"Medium","Low")) -> Low | G33: 0.038961039 | H33: =IF(SpendTable[[#This Row],[% GDP 2024]]>=5,"High Effort",IF(SpendTable[[#This Row],[% GDP 2024]]>=2,"Medium Effort","Low Effort")) -> Medium Effort | I33: =VLOOKUP(SpendTable[[#This Row],[Country]],Countries_Registry!$A$1:$D$34,2,FALSE) -> Western Europe | J33: =VLOOKUP(SpendTable[[#This Row],[Country]],Countries_Registry!$A$1:$D$34,3,FALSE) -> Yes | K33: =VLOOKUP(SpendTable[[#This Row],[Country]],Countries_Registry!$A$1:$D$34,4,FALSE) -> Europe
A34: Switzerland | B34: 6.3 | C34: 6.8 | D34: 0.7 | E34: =IF(SpendTable[[#This Row],[Spending 2024 (bn $)]]>SpendTable[[#This Row],[Spending 2023 (bn $)]],"Increasing",IF(SpendTable[[#This Row],[Spending 2024 (bn $)]]<SpendTable[[#This Row],[Spending 2023 (bn $)]],"Decreasing","Stable")) -> Increasing | F34: =IF(SpendTable[[#This Row],[Spending 2024 (bn $)]]>=100,"High",IF(SpendTable[[#This Row],[Spending 2024 (bn $)]]>=30,"Medium","Low")) -> Low | G34: 0.079365079 | H34: =IF(SpendTable[[#This Row],[% GDP 2024]]>=5,"High Effort",IF(SpendTable[[#This Row],[% GDP 2024]]>=2,"Medium Effort","Low Effort")) -> Low Effort | I34: =VLOOKUP(SpendTable[[#This Row],[Country]],Countries_Registry!$A$1:$D$34,2,FALSE) -> Western Europe | J34: =VLOOKUP(SpendTable[[#This Row],[Country]],Countries_Registry!$A$1:$D$34,3,FALSE) -> No | K34: =VLOOKUP(SpendTable[[#This Row],[Country]],Countries_Registry!$A$1:$D$34,4,FALSE) -> Europe
A37: NATO Countries: | B37: 15
A38: Max Increase: | B38: 0.69
A39: Index | B39: Israel

Sheet Raw_Data
A1: Country | B1: Spending 2023 (bn $) | C1: Spending 2024 (bn $) | D1: % GDP 2024
A2: United States | B2: 916 | C2: 997 | D2: 3.4
A3: China | B3: 296 | C3: 314 | D3: 1.7
A4: Russia | B4: 109 | C4: 149 | D4: 7.1
A5: Germany | B5: 66.8 | C5: 88.5 | D5: 1.9
A6: India | B6: 83.6 | C6: 86.1 | D6: 2.3
A7: United Kingdom | B7: 74.9 | C7: 81.8 | D7: 2.3
A8: Saudi Arabia | B8: 75.8 | C8: 80.3 | D8: 7.3
A9: Ukraine | B9: 64.8 | C9: 64.7 | D9: 34.5
A10: France | B10: 61.3 | C10: 64.7 | D10: 2.1
A11: France | B11: 61.3 | C11: 64.7 | D11: 2.1
A12: Japan | B12: 50.2 | C12: 55.3 | D12: 1.4
A13: South Korea | B13: 47.9 | C13: 47.6 | D13: 2.6
... A19: Canada | B19: 27.2 | C19: 29.3 | D19: 1.3
A20: Turkey | B20: 15.8 | C20: 25 | D20: 1,9
A21: Spain | B21: 23.7 | C21: 24.5 | D21: 1.5
A22: Netherlands | B22: 16.6 | C22: 21.5 | D22: 1.9
A23: Algeria | B23: n/a | C23: 21.8 | D23: 8
A24: Brazil | B24: 22.9 | C24: 23.4 | D24: 1.1
A25: Taiwan | B25: 16.6 | C25: 16.5 | D25: n/a
A26: United States | B26: 916 | C26: 997 | D26: 3.4
A27: Singapore | B27: 13.7 | C27: 14.2 | D27: 2.8
A28: Mexico | B28: 11.8 | C28: 12.5 | D28: 0.6
A29: Sweden | B29: 8.8 | C29: 12 | D29: 2
A30: Norway | B30: 8.7 | C30: 10.9 | D30: 2.2
A31: Denmark | B31: 8.1 | C31: 10 | D31: 2.4
A32: Pakistan | B32: 8.5 | C32: 10.2 | D32: 2.7
A33: Indonesia | B33: 9.5 | C33: 10.6 | D33: 0.8
A34: Colombia | B34: 10.7 | C34: 10 | D34: 2.4
A35: Greece | B35: 7.7 | C35: 8 | D35: 3.1
A36: Belgium | B36: 7.7 | C36: 8.5 | D36: 1.3
A37: Switzerland | B37: 6.3 | C37: 6.8 | D37: 0.7

Sheet Countries_Registry
A1: Country | B1: Region | C1: NATO | D1: Continent
A2: United States | B2: North America | C2: Yes | D2: Americas
A3: China | B3: East Asia | C3: No | D3: Asia
A4: Russia | B4: Eastern Europe | C4: No | D4: Europe
A5: Germany | B5: Western Europe | C5: Yes | D5: Europe
A6: India | B6: South Asia | C6: No | D6: Asia
A7: United Kingdom | B7: Western Europe | C7: Yes | D7: Europe
A8: Saudi Arabia | B8: Middle East | C8: No | D8: Asia
A9: Ukraine | B9: Eastern Europe | C9: No | D9: Europe
A10: France | B10: Western Europe | C10: Yes | D10: Europe
A11: Japan | B11: East Asia | C11: No | D11: Asia
A12: South Korea | B12: East Asia | C12: No | D12: Asia
... A34: Switzerland | B34: Western Europe | C34: No | D34: Europe

Sheet Pivot_Engine
A1: PIVOT ENGINE
A4: Etichette di riga | B4: Somma di Spending 2024 (bn $) | E4: Valori | J4: Etichette di riga | K4: Somma di Spending 2024 (bn $) | N4: Total World Spending
A5: Russia | B5: 149 | E5: Somma di Spending 2023 (bn $) | F5: 1321 | J5: North America | K5: 997 | N5: =SUM(SpendTable[Spending 2024 (bn $)]) -> 2461
A6: China | B6: 314 | E6: Somma di Spending 2024 (bn $) | F6: 1460 | J6: East Asia | K6: 314
A7: United States | B7: 997 | J7: Eastern Europe | K7: 149 | N7: Countries Analysed
A8: Totale complessivo | B8: 1460 | J8: Totale complessivo | K8: 1460 | N8: =COUNTA(SpendTable[Country]) -> 33
N10: Average Change %
N11: =AVERAGE(SpendTable[% Change]) -> 0.14392901
